n,name
1,Allegia 51 Clasteron
2,Callisto Morphamax 6000 SE
3,Xiph Xlater 58
4,1000X Radonius Maximus
5,20X Radonius Prime
6,30X Radonius
7,Alpha 2
8,Allegia 50 Clasteron
9,Alpha 2A-8000
10,200X Radonius
11,Allegia 50B Clasteron
12,Xiph Xlater 5
13,Callisto Morphamax 700
14,Xiph Xlater 500
15,Alpha 2A-900
16,20X Radonius
17,Callisto Morphamax 6000 SE2
18,Allegia 500 Clasteron
19,Alpha 100
20,Alpha 2A
21,Xiph Xlater 300
22,Callisto Morphamax
23,Callisto Morphamax 7000
24,10X Radonius
25,Xiph Xlater 40
26,Allegia 6R Clasteron
27,Callisto Morphamax 5000
